유치원,도원유치원,서울특별시 용산구 도원동 4-3,37.53877767,126.9576238
유치원,충신유치원,서울특별시 용산구 이촌동 409,37.5207616,126.9712771
유치원,원유치원,서울특별시 용산구 이촌동 402,37.5192132,126.9766297
유치원,대건유치원,서울특별시 용산구 이촌동 301-110,37.52071271,126.9778555
유치원,강변유치원,서울특별시 용산구 이촌동 300-18,37.51833758,126.9774173
유치원,한가람유치원,서울특별시 용산구 이촌동 301-54,37.51952037,126.981263
유치원,일민유치원,서울특별시 용산구 신천동 193,37.5348611,126.9486162
유치원,계성유치원,서울특별시 용산구 신천동 1-1,37.5360636,126.9507028
유치원,복자유치원,서울특별시 용산구 후암동 38-3,37.55200632,126.9781812
유치원,역삼초등학교병설유치원,서울특별시 강남구 역삼동 833-7 (역삼초등학교),37.49316115,127.032603
유치원,돌샘유치원,서울특별시 강남구 개포동 185 (주공아파트),37.48914032,127.0708698
유치원,이화유치원,서울특별시 강남구 개포동 12 (대치아파트),37.495751,127.075096
유치원,유정유치원,서울특별시 강남구 수서동 591-4 (강남유정유치원),37.48300739,127.0949421
유치원,반디유치원,서울특별시 강남구 수서동 736 (신동아아파트),37.48790982,127.0981867
유치원,수서초등학교병설유치원,서울특별시 강남구 수서동 709 (수서초등학교),37.49115058,127.101549
유치원,소망유치원,서울특별시 강남구 수서동 723 (도시개발아파트),37.48797908,127.1056314
유치원,럭키유치원,서울특별시 강남구 도곡동 963 (역삼럭키아파트),37.49141419,127.0409971
유치원,초원유치원,서울특별시 강남구 개포동 1222-6,37.475915,127.048578
유치원,묘동유치원,서울특별시 강남구 대치동 1015-7 (유치원),37.49740739,127.058723
유치원,성요셉유치원,서울특별시 강남구 청담동 117-3 (대우빌라청담로얄카운티),37.52627314,127.0482112
유치원,영동제일유치원,서울특별시 강남구 삼성동 63-10,37.517579,127.053437
유치원,도곡렉슬유치원,서울특별시 강남구 도곡동 527-6 (도곡렉슬아파트),37.49432124,127.05351
유치원,신양유치원,서울특별시 강남구 개포동 164-2,37.483431,127.061678
유치원,강남유치원,서울특별시 강남구 논현동 243,37.515448,127.039009
유치원,아란유치원,서울특별시 강남구 압구정동 458 (현대아파트),37.53153399,127.0292754
유치원,하늘빛유치원,서울특별시 강남구 일원동 711 (수서1단지에스에이치빌),37.493156,127.090993
유치원,성결유치원,서울특별시 강남구 논현동 225-2,37.511421,127.035354
유치원,청운유치원,서울특별시 강남구 역삼동 784-3 (교회),37.49504899,127.045531
유치원,대현초등학교병설유치원,서울특별시 강남구 대치동 969 (대현초등학교),37.50372276,127.063564
유치원,개포초등학교유치원,서울특별시 강남구 개포동 188,37.48680544,127.0699766
유치원,신우주유치원,서울특별시 강남구 일원동 718 (샘터마을아파트),37.48520065,127.0826748
유치원,푸른유치원,서울특별시 강남구 일원동 719 (푸른마을아파트),37.48479809,127.0811005
유치원,은곡유치원,서울특별시 강남구 세곡동 601 (서울은곡유치원),37.46682003,127.096934
유치원,유정유치원,서울특별시 강동구 성내3동 430-6,37.525911,127.1337598
유치원,명일초병설유치원,서울특별시 강동구 암사1동 418-18,37.55454236,127.1425695
유치원,고명초병설유치원,서울특별시 강동구 명일1동 296-1,37.55297225,127.1474373
유치원,은새유치원,서울특별시 강동구 명일2동 42,37.55236741,127.1526193
유치원,성보나유치원,서울특별시 강동구 고덕1동 177-8,37.5603217,127.1694389
유치원,천호유치원,서울특별시 강동구 천호3동 397-74,37.5416383,127.1308643
유치원,고덕유치원,서울특별시 강동구 상일동 126,37.55111218,127.1692477
유치원,둘리유치원,서울특별시 강동구 상일동 225,37.55081599,127.1721839
유치원,오송유치원,서울특별시 강동구 천호2동 302-10,37.5458079,127.131908
유치원,색동유치원,서울특별시 강동구 상일동 124-1,37.5529037,127.168472
유치원,강덕초병설유치원,서울특별시 강동구 고덕2동 222,37.55954693,127.160484
유치원,명덕유치원,서울특별시 강동구 고덕1동 639-2,37.5598384,127.1531555
유치원,위례초병설유치원,서울특별시 강동구 둔촌1동 176-2,37.52193436,127.1387291
유치원,한성유치원,서울특별시 강동구 길동 91-12,37.54123113,127.1468757
유치원,예슬유치원,서울특별시 강동구 암사2동 509,37.55344433,127.1256829
유치원,녹원유치원,서울특별시 강동구 명일2동 242-3,37.54851711,127.1535579
유치원,가람유치원,서울특별시 강동구 명일2동 237-1,37.54851711,127.1535579
유치원,강동유정유치원,서울특별시 강동구 상일동 495,37.5505854,127.1749825
유치원,준현유치원,서울특별시 강동구 성내1동 590,37.53049305,127.1266259
유치원,송원유치원,서울특별시 강동구 성내2동 420-3,37.5291432,127.1317102
유치원,강일늘사랑유치원,서울특별시 강동구 강일동 685-2,37.56314695,127.1783206
유치원,길동초병설유치원,서울특별시 강동구 길동 362,37.5380968,127.1435022
유치원,반석유치원,서울특별시 강동구 길동 79,37.54281992,127.1473249
유치원,서울유치원,서울특별시 강동구 암사2동 503-21,37.55220573,127.1279082
유치원,한울유치원,서울특별시 강동구 암사동 442-1,37.55547042,127.1316795
유치원,선린초병설유치원,서울특별시 강동구 둔촌2동 91-17,37.5297612,127.1455951
유치원,구강사유치원,서울특별시 강동구 천호2동 363,37.5448184,127.1288199
유치원,화랑유치원,서울특별시 강동구 천호3동 56-34,37.5428867,127.1378446
유치원,예크유치원,서울특별시 강동구 길동 399-4,37.5378116,127.1427142
유치원,둔촌유치원,서울특별시 강동구 둔촌2동 438,37.531341,127.139706
유치원,화계유치원,서울특별시 강북구 수유동 118-1,37.63465,127.01885
유치원,성체유치원,서울특별시 강북구 수유동 185-20,37.64230381,127.0209886
유치원,솔샘유치원,서울특별시 강북구 미아동 1354,37.62182382,127.0124058
유치원,운산유치원,서울특별시 강북구 수유동 52-21,37.63207,127.02172
유치원,동명유치원,서울특별시 강북구 미아동 53-1,37.61353041,127.0342548
유치원,유안유치원(인수유치원 중복),서울특별시 강북구 수유동 560-17,37.64528,127.01048
유치원,상아유치원,서울특별시 강북구 번동 463-10,37.64014,127.02916
유치원,꿈동산유치원,서울특별시 강북구 번2동 234-3,37.64303,127.01502
유치원,윤희유치원,서울특별시 강서구 화곡동 1165-4 (강서힐스테이트유치원),37.54573377,126.837554
유치원,새화곡유치원,서울특별시 강서구 화곡동 347-8 (감성하이츠),37.5323019,126.843815
유치원,수미유치원,서울특별시 강서구 화곡동 359-62 (수미유치원),37.532117,126.838533
유치원,내발산병설유치원,서울특별시 강서구 내발산동 707 (내발산초등학교),37.5508811,126.838163
유치원,예일유치원,서울특별시 강서구 내발산동 741-3 (예일유치원),37.55370121,126.8291829
유치원,신영유치원,서울특별시 강서구 화곡동 391-48 (신영유치원),37.530958,126.849217
유치원,우일유치원,서울특별시 강서구 화곡동 463-5 (우일유치원),37.5351277,126.855313
유치원,새싹유치원,서울특별시 강서구 화곡동 837-12 (새싹유치원),37.53221274,126.8580387
유치원,대유유치원,서울특별시 강서구 화곡동 806-4 (대유유치원),37.53400816,126.861588
유치원,보라유치원,서울특별시 강서구 등촌동 694 (대림아파트),37.56361546,126.847394
유치원,미도유치원,서울특별시 강서구 등촌동 533-39 (미도유치원),37.550429,126.8609735
유치원,서강유치원,서울특별시 강서구 방화동 553-9 (서강유치원),37.571228,126.8084024
유치원,강서유치원,서울특별시 강서구 화곡동 969-10 (강서유치원),37.54821183,126.8500391
유치원,화일초등학교병설유치원,서울특별시 강서구 화곡동 61-184 (서울화일초등학교),37.54071221,126.847465
유치원,선미유치원,서울특별시 강서구 화곡동 105-244 (화곡본동천주교회),37.53933048,126.843663
유치원,예지유치원,서울특별시 강서구 공항동 653-1 (예지미술학원),37.5576234,126.8132178
유치원,등마초등학교,서울특별시 강서구 등촌동 718 (서울등마초등학교),37.5420258,126.8616338
유치원,공항초등학교병설유치원,서울특별시 강서구 마곡동 743-5 (서울공항초등학교),37.56308924,126.8216478
유치원,공진초등학교병설유치원,서울특별시 강서구 마곡동 749-2 (서울공진초등학교),37.557822,126.822611
유치원,정곡초등학교(병설유치원),서울특별시 강서구 방화동 836 (정곡초등학교),37.5769308,126.818936
유치원,수명초등학교,서울특별시 강서구 내발산동 752 (서울수명초등학교),37.55277438,126.823844
유치원,방화이화유치원,서울특별시 강서구 방화동 449-27 (이화유치원),37.57409045,126.8135129
유치원,국제유치원,서울특별시 강서구 마곡동 327-48 (국제유치원),37.57051178,126.822935
유치원,염경초등학교병설유치원,서울특별시 강서구 염창동 79 (서울염경초등학교),37.55500148,126.8712574
유치원,문성유치원,서울특별시 강서구 화곡동 83-8 (푸른풍경채),37.547055,126.844554
유치원,신세기유치원,서울특별시 강서구 가양동 1461-1 (공중화장실),37.57101339,126.8465865
유치원,윤서유치원,서울특별시 강서구 화곡동 1091 (화곡푸르지오),37.54724363,126.8322457
유치원,동그라미유치원,서울특별시 강서구 화곡동 979-1,37.5501136,126.8491643
유치원,등촌이화유치원,서울특별시 강서구 등촌동 705-1 (이화유치원),37.5597383,126.847951
유치원,등촌제일유치원,서울특별시 강서구 등촌동 643-7 (등촌제일교회),37.555424,126.859332
유치원,예은유치원,서울특별시 강서구 화곡동 102-318,37.538834,126.847243
유치원,큰솔유치원,서울특별시 관악구 행운동 1706,37.485089,126.959438
유치원,현대유치원,서울특별시 관악구 청림동 1000 관악현대아파트단지내,37.492162,126.959278
유치원,청룡병설유치원,서울특별시 관악구 청룡동 175-3,37.4756972,126.9512177
유치원,소슬유치원,서울특별시 관악구 성현동 101 삼성A단지내,37.489766,126.948211
유치원,새소슬유치원,서울특별시 관악구 성현동 101 드림타운단지내,37.489742,126.948219
유치원,예일유치원,서울특별시 관악구 인헌동 196-80,37.4738722,126.964244
유치원,신림유치원,서울특별시 관악구 난곡동 621-34,37.472093,126.920157
유치원,꿈나라유치원,서울특별시 관악구 난향동 1735-9,37.4605336,126.9206196
유치원,난곡병설유치원,서울특별시 관악구 난곡동 711-136,37.4692357,126.9166531
유치원,한별유치원,서울특별시 관악구 미성동 1478-32,37.47838,126.9134662
유치원,예닮유치원,서울특별시 관악구 신원동 1612-7,37.4821964,126.922468
유치원,은아유치원,서울특별시 관악구 인헌동 1635-1,37.4752921,126.9644352
유치원,새싹유치원,서울특별시 관악구 남현동 1071-25,37.4745654,126.972834
유치원,삼성병설유치원,서울특별시 관악구 대학동 233-1,37.468012,126.940992
유치원,명성유치원,서울특별시 관악구 삼성동 1704-3,37.478773,126.929357
유치원,애동유치원,서울특별시 관악구 난곡동 612-32,37.473787,126.920254
유치원,원당병설유치원,서울특별시 관악구 행운동 1669-1,37.481192,126.956066
유치원,배꽃유치원,서울특별시 관악구 은천동 935-2,37.4855674,126.941936
유치원,종인유치원,서울특별시 관악구 행운동 1690-17,37.4790524,126.963441
유치원,신성병설유치원,서울특별시 관악구 서림동 117,37.471726,126.937141
유치원,하늘유치원,서울특별시 관악구 서림동 1694 현대아파트 단지내,37.47405927,126.9322556
유치원,은천병설유치원,서울특별시 관악구 은천동 622,37.486867,126.9429033
유치원,건영유치원,서울특별시 관악구 신사동 513-17,37.484844,126.914908
유치원,영그린유치원,서울특별시 관악구 서림동 95-53,37.47706582,126.9403929
유치원,관악병설유치원,서울특별시 관악구 청룡동 920,37.4808067,126.942885
유치원,은비유치원,서울특별시 관악구 청림동 1717-2,37.489072,126.960085
유치원,동원유치원,서울특별시 관악구 행운동 65-2,37.482788,126.9563611
유치원,봉천병설유치원,서울특별시 관악구 행운동 28-6,37.482946,126.957826
유치원,신우단설유치원,서울특별시 관악구 삼성동 315,37.462655,126.932314
유치원,어린이회관유치원,서울특별시 광진구 능동 1811,37.547599,127.074938
유치원,현정유치원,서울특별시 광진구 구의1동 230-12,37.544433,127.086715
유치원,구의병설유치원,서울특별시 광진구 화양동 303-9,37.542822,127.077355
유치원,프라임유치원,서울특별시 광진구 구의3동 631-1,37.538767,127.096159
유치원,양진병설유치원,서울특별시 광진구 광장동 414-1,37.544266,127.096242
유치원,광장유치원,서울특별시 광진구 광장동 272-2,37.548432,127.102936
유치원,동심유치원,서울특별시 광진구 군자동 99,37.55132,127.070383
유치원,아이조아유치원,서울특별시 광진구 중곡3동 191-79,37.566152,127.078271
유치원,인애유치원,서울특별시 광진구 자양3동 553-339,37.533767,127.06619
유치원,동서울유치원,서울특별시 광진구 중곡3동 578-9,37.570346,127.078826
유치원,선양유치원,서울특별시 광진구 군자동 127-1,37.554292,127.068994
유치원,경하유치원,서울특별시 광진구 중곡3동 190-28,37.566069,127.075993
유치원,대원(구.우성)유치원,서울특별시 광진구 자양3동 579,37.534239,127.072745
유치원,성수아름유치원,서울특별시 광진구 자양4동 52-1,37.536405,127.06019
유치원,성산유치원,서울특별시 광진구 자양1동 658-1,37.532878,127.081938
유치원,선경유치원,서울특별시 광진구 자양2동 694-1,37.532906,127.087327
유치원,정신유치원,서울특별시 광진구 자양4동 843-11,37.537239,127.06244
유치원,한일유치원,서울특별시 광진구 자양3동 516-3,37.5351,127.069384
유치원,양남병설유치원,서울특별시 광진구 자양2동 692,37.531018,127.087521
유치원,선미유치원,서울특별시 광진구 군자동 182-2,37.556209,127.070827
유치원,윤진유치원,서울특별시 광진구 화양동 42-21,37.542766,127.062718
유치원,자양병설유치원,서울특별시 광진구 자양1동 222,37.536795,127.077327
유치원,보성유치원,서울특별시 광진구 광장동 218-1,37.542183,127.100547
유치원,자양하나유치원,서울특별시 광진구 자양1동 225-85,37.538766,127.076383
유치원,자양도담유치원,서울특별시 광진구 자양동 231-51,37.536172,127.079839
유치원,청구이화유치원,서울특별시 광진구 광장동 566,37.543127,127.093437
유치원,샬롬유치원,서울특별시 광진구 구의3동 208-15,37.542405,127.089659
유치원,광남유치원,서울특별시 광진구 광장동 484,37.541433,127.098381
유치원,영화유치원,서울특별시 광진구 구의2동 18,37.554126,127.095297
유치원,경원유치원,서울특별시 광진구 구의2동 16-10,37.554876,127.093909
유치원,미파유치원,서울특별시 광진구 중곡3동 608-6,37.570457,127.083659
유치원,신자병설유치원,서울특별시 광진구 자양2동 591,37.530017,127.0733
유치원,슬기유치원,서울특별시 광진구 구의2동 31-18,37.552015,127.090381
유치원,자양유치원,서울특별시 광진구 자양2동 662-5,37.531156,127.081549
유치원,예일유치원,서울특별시 광진구 중곡2동 141-12,37.558236,127.080604
유치원,선화유치원,서울특별시 광진구 능동 25,37.549595,127.085389
유치원,개봉초병설유치원,서울특별시 구로구 개봉동 266 (개봉초등학교),37.48952311,126.8579748
유치원,미림유치원,서울특별시 구로구 개봉동 259-35 (미림유치원),37.490828,126.857951
유치원,고척초병설유치원,서울특별시 구로구 고척동 129-3 (서울고척초등학교),37.50094667,126.856994
유치원,준희유치원,서울특별시 구로구 오류동 23-40,37.49605966,126.8428318
유치원,동정성모유치원,서울특별시 구로구 오류동 108-24 (동정성모유치원 동정성모수도회),37.48985001,126.8273989
유치원,나비유치원,서울특별시 구로구 개봉동 130-38,37.497362,126.839734
유치원,혜원유치원,서울특별시 구로구 오류동 18-8 (혜원유치원),37.49939985,126.842282
유치원,매봉초병설유치원,서울특별시 구로구 개봉동 3 (매봉초등학교),37.50491677,126.844375
유치원,아람유치원,서울특별시 구로구 개봉동 115-9,37.504546,126.846112
유치원,서울남유치원,서울특별시 구로구 구로동 708-25 (서울남교회),37.488008,126.881845
유치원,도현유치원,서울특별시 구로구 구로동 429-116,37.490942,126.887203
유치원,신도유치원,서울특별시 구로구 구로동 700-55 (신도교회),37.4890874,126.8776413
유치원,영서초병설유치원,서울특별시 구로구 구로동 165-1 (영서초등학교),37.48896046,126.8955839
유치원,꿀벌유치원,서울특별시 구로구 구로동 796-1,37.484935,126.8893165
유치원,예쁨유치원,서울특별시 구로구 온수동 73-1 (초운교회),37.495235,126.8174398
유치원,미래초병설유치원,서울특별시 구로구 구로동 3-13 (미래초등학교),37.50510683,126.8880789
유치원,푸른동산유치원,서울특별시 구로구 오류동 295 (푸른동산유치원),37.48673104,126.831364
유치원,신미림초병설유치원,서울특별시 구로구 신도림동 293-29,37.50714192,126.8795526
유치원,사랑유치원,서울특별시 구로구 신도림동 290 (미성아파트),37.50827362,126.876108
유치원,일신유치원,서울특별시 구로구 오류동 155-10,37.49120396,126.842017
유치원,버들유치원,서울특별시 구로구 오류동 150,37.49168436,126.842809
유치원,서울하늘숲유치원,서울특별시 구로구 천왕동 9-51 (서울하늘숲유치원),37.48509285,126.8430176
유치원,시내유치원,서울특별시 금천구 가산동 769,37.47615506,126.8912876
유치원,양지유치원,서울특별시 금천구 독산동 899-16,37.479638,126.905967
유치원,조형유치원,서울특별시 금천구 시흥동 904-20,37.448853,126.9035053
유치원,미성유치원,서울특별시 금천구 독산동 894-22,37.47690072,126.9078016
유치원,동산 유치원,서울특별시 금천구 독산동 955-12,37.47689879,126.900953
유치원,독산유치원,서울특별시 금천구 독산동 1051-20,37.46434175,126.900288
유치원,정의,서울특별시 도봉구 쌍문동 137-28,37.6529105,127.0318063
유치원,청아,서울특별시 도봉구 창동 808 (동아청솔아파트),37.65682642,127.0493335
유치원,윤정,서울특별시 도봉구 창동 27 (주공19단지아파트),37.649242,127.0509338
유치원,삼풍,서울특별시 도봉구 창동 825-2 (창동삼풍유치원),37.656749,127.0456386
유치원,한사랑,서울특별시 도봉구 창동 45 (삼성아파트),37.65039062,127.0473304
유치원,신창,서울특별시 도봉구 창동 443-6,37.6413368,127.0409612
유치원,신창초병설,서울특별시 도봉구 창동 468-1 (신창초등학교),37.6361731,127.0421969
유치원,한볕,서울특별시 도봉구 창동 804 (대우아파트),37.64292279,127.0387778
유치원,도봉초병설,서울특별시 도봉구 도봉동 429-1 (도봉초등학교),37.6793783,127.038218
유치원,지현,서울특별시 도봉구 도봉동 558,37.6863357,127.043941
유치원,자연,서울특별시 도봉구 창동 807 (쌍용아파트),37.66087078,127.0475002
유치원,사랑,서울특별시 도봉구 방학동 720-1 (대상현대아파트),37.66543008,127.0466689
유치원,현대,서울특별시 도봉구 쌍문동 505-18 (현대유치원),37.654152,127.01395
유치원,유화,서울특별시 도봉구 쌍문동 460-54,37.65984643,127.027458
유치원,행복한,서울특별시 도봉구 쌍문동 218,37.6585731,127.0312223
유치원,햇살,서울특별시 도봉구 쌍문동 358,37.6492018,127.0252286
유치원,다솜,서울특별시 도봉구 쌍문동 56 (삼익세라믹아파트),37.6571082,127.0377335
유치원,솔샘,서울특별시 도봉구 쌍문동 56 (삼익세라믹아파트),37.6571082,127.0377335
유치원,선희,서울특별시 도봉구 쌍문동 167-6 (쌍문동근린생활시설),37.65758257,127.0298869
유치원,꿈밭,서울특별시 도봉구 방학동 734 (청구아파트),37.65830391,127.027607
유치원,창동초병설,서울특별시 도봉구 창동 266 (창동초등학교),37.6551924,127.0446861
유치원,천사,서울특별시 도봉구 쌍문동 199-1 (금호아파트),37.65868091,127.0330969
유치원,선아,서울특별시 도봉구 창동 347-6 (주공3단지아파트),37.6485286,127.0440451
유치원,홍파초교병설유치원,서울특별시 동대문구 제기동 678,37.58620351,127.0395874
유치원,그림유치원,서울특별시 동대문구 전농동 643-36,37.576049,127.0471757
유치원,장평초교병설유치원,서울특별시 동대문구 장안2동 323,37.57399475,127.0738934
유치원,휘경초교단설유치원,서울특별시 동대문구 휘경동 302-2,37.5857622,127.0582128
유치원,새소리유치원,서울특별시 동대문구 전농동 10,37.57665796,127.0615657
유치원,예일유치원,서울특별시 동대문구 전농로 6,37.57628913,127.0638566
유치원,백주유치원,서울특별시 동대문구 전농1동 209-27,37.58070593,127.0526528
유치원,이문초교병설유치원,서울특별시 동대문구 이문동 164-26,37.60189478,127.0648841
유치원,소화유치원,서울특별시 동대문구 제기동 252-1,37.583038,127.0347893
유치원,젬마유치원,서울특별시 동대문구 이문동 321-31,37.5929418,127.0594186
유치원,휘봉초교병설유치원,서울특별시 동대문구 휘경2동 49-27,37.58567758,127.0700419
유치원,세하유치원,서울특별시 동대문구 장안동 354-1,37.56773522,127.0729635
유치원,빛나유치원,서울특별시 동대문구 답십리동 487-20,37.56720004,127.0564912
유치원,전동초교병설유치원,서울특별시 동대문구 전농2동 45-41,37.57908644,127.0608069
유치원,답십리초교병설유치원,서울특별시 동대문구 답십리동 274,37.56880432,127.0554295
유치원,아이비유치원,서울특별시 동대문구 휘경동 57-4,37.5828204,127.0687172
유치원,서울유치원,서울특별시 동대문구 이문2동 64,37.60075012,127.0687696
유치원,군자초교병설유치원,서울특별시 동대문구 장안1동 239-2,37.56412385,127.0605231
유치원,동안유치원,서울특별시 동대문구 이문동 346-99,37.59253942,127.0568457
유치원,하랑숲유치원,서울특별시 동작구 동작동 102-60,37.4960102,126.9817887
유치원,행복한숲유치원,서울특별시 동작구 상도동414,37.50763224,126.9495433
유치원,동아유치원,서울특별시 동작구 노량진동 325-1,37.50835746,126.9433211
유치원,시현유치원,서울특별시 동작구 노량진동 323,37.51030525,126.9468677
유치원,신남성초교 병설유치원,서울특별시 동작구 사당5동 418-1,37.48815083,126.9648709
유치원,동그라미유치원,서울특별시 동작구 상도4동 212-128,37.4816149,126.9793688
유치원,강남유치원,서울특별시 동작구 상도1동 660-2,37.50349488,126.9496786
유치원,상도유치원,서울특별시 동작구 상도1동 415,37.50144862,126.9516555
유치원,샛별유치원,서울특별시 동작구 상도동 134-160,37.49804586,126.9502826
유치원,은로초등학교 병설유치원,서울특별시 동작구 흑석1동 245,37.5031946,126.9600008
유치원,승혜유치원,서울특별시 동작구 상도4동 244-337,37.4986394,126.9370792
유치원,은혜유치원,서울특별시 동작구 상도3동 256-175,37.4977312,126.9332022
유치원,양문유치원,서울특별시 동작구 신대방1동 607-32,37.4891543,126.9073747
유치원,행복유치원,서울특별시 동작구 상도동 산 65-225,37.4956159,126.941139
유치원,상아유치원,서울특별시 동작구 상도4동 211-1,37.4975519,126.9446241
유치원,요요유치원,서울특별시 동작구 신대방1동 707,37.49527344,126.9116916
유치원,사랑유치원,서울특별시 동작구 대방동 414-3,37.49840123,126.9211621
유치원,열림유치원,서울특별시 동작구 대방동 503-1,37.5089258,126.929207
유치원,벧엘유치원,서울특별시 동작구 노량진1동 225-57,37.50934081,126.9422402
유치원,성모유치원,서울특별시 동작구 상도2동 204-89,37.50158742,126.9399433
유치원,중대부속유치원,서울특별시 동작구 흑석1동 211-32,37.5064905,126.9555972
유치원,명수유치원,서울특별시 동작구 흑석동 186,37.50937692,126.9597893
유치원,마포초교병설유치원,서울특별시 마포구 도화동 224-9번지,37.5384272,126.9494344
유치원,삼성그린유치원,서울특별시 마포구 도화동 550번지,37.53950336,126.9515902
유치원,성결유치원,서울특별시 마포구 신수동 200-1번지,37.546231,126.9374573
유치원,공덕초교병설유치원,서울특별시 마포구 공덕동 256-4번지,37.5457002,126.9537786
유치원,나사렛유치원,서울특별시 마포구 상암동 1639번지,37.574336,126.8903822
유치원,용강초교병설유치원,서울특별시 마포구 대흥동 35-1번지,37.548669,126.9440167
유치원,창천초교병설유치원,서울특별시 마포구 노고산동 33-1번지,37.5548546,126.939314
유치원,정님유치원,서울특별시 마포구 염리동 45-5번지,37.550162,126.947796
유치원,새현대유치원,서울특별시 마포구 도화동 547번지,37.5402588,126.9538738
유치원,서일유치원,서울특별시 마포구 성산동 200-68번지,37.567456,126.9080453
유치원,꿈터유치원,서울특별시 마포구 성산동 200-209번지,37.565336,126.909024
유치원,마포대진유치원,서울특별시 마포구 연남동 493-6번지,37.561824,126.919295
유치원,홍대병설유치원,서울특별시 마포구 연남동 369-1번지,37.56350983,126.9191674
유치원,대진유치원,서울특별시 마포구 성산동 13-15번지,37.5621879,126.9163725
유치원,상지초교병설유치원,서울특별시 마포구 상암동 1676번지,37.5796975,126.882158
유치원,월드유치원,서울특별시 마포구 상암동 1679번지,37.580353,126.8811065
유치원,서울유치원,서울특별시 마포구 성산동 446번지,37.56969879,126.9014163
유치원,상암초교병설유치원,서울특별시 마포구 상암동 1635번지,37.5759905,126.8922651
유치원,배영유치원,서울특별시 마포구 서교동 370-13번지,37.552418,126.919813
유치원,충암유치원,서울특별시 서대문구 남가좌2동 2-3,37.584535,126.922319
유치원,세종유치원,서울특별시 서대문구 북가좌2동 449,37.578006,126.913035
유치원,연유치원,서울특별시 서대문구 남가좌2동 322-35,37.582022,126.924113
유치원,현대홍익유치원,서울특별시 서대문구 홍제1동 456,37.584244,126.942932
유치원,북성초교(단설)유치원,서울특별시 서대문구 북아현2동 215,37.559433,126.951959
유치원,이대부속유치원,서울특별시 서대문구 대신동 20,37.560729,126.942557
유치원,인왕초교(병설)유치원,서울특별시 서대문구 홍제3동 245-1,37.590337,126.945194
유치원,신촌유치원,서울특별시 서대문구 창천동 113-10,37.557632,126.931436
유치원,신현유치원,서울특별시 서대문구 대현동 62-1,37.562735,126.947323
유치원,삼성유치원,서울특별시 서대문구 북가좌2동 5-33,37.589126,126.919515
유치원,금화초교(병설)유치원,서울특별시 서대문구 천연동 13-1,37.568806,126.963085
유치원,한양제일유치원,서울특별시 서대문구 홍제2동 82,37.583437,126.947237
유치원,인왕유치원,서울특별시 서대문구 홍제2동 105-88,37.586142,126.949475
유치원,현대경복유치원,서울특별시 서대문구 홍제2동 460,37.586488,126.951501
유치원,홍제성당유치원,서울특별시 서대문구 홍제3동 301-6,37.590144,126.943955
유치원,홍제초교(병설)유치원,서울특별시 서대문구 홍은1동 48,37.59292,126.944555
유치원,원명병설유치원,서울특별시 서초구 서초4동 1685-1,37.500647,127.0165694
유치원,신반포중앙유치원,서울특별시 서초구 잠원동 60-3,37.5113149,127.012021
유치원,구룡유치원,서울특별시 서초구 양재2동 399-1,37.4711033,127.0489979
유치원,양재천사유치원,서울특별시 서초구 양재1동 154-2,37.47435569,127.0311795
유치원,서래병설유치원,서울특별시 서초구 방배본동 771,37.4963529,126.9898009
유치원,방배병설유치원,서울특별시 서초구 방배4동 861-1,37.4871653,126.9874257
유치원,새순유치원,서울특별시 서초구 방배4동 831-12,37.4889507,126.9884182
유치원,석문유치원,서울특별시 서초구 서초1동 1634-1,37.4925169,127.0218007
유치원,여나유치원,서울특별시 서초구 서초4동 1685,37.4985336,127.0155431
유치원,반포병설유치원,서울특별시 서초구 반포본동 937,37.5027416,126.9910992
유치원,반포성모유치원,서울특별시 서초구 반포2동 4-1,37.5048482,126.9944697
유치원,영생유치원,서울특별시 서초구 반포2동 4-10,37.5049871,126.995664
유치원,서초유치원,서울특별시 서초구 우면동 769,37.4560854,127.0162166
유치원,한신유치원,서울특별시 서초구 잠원동 70-3,37.50904489,127.004773
유치원,하나유치원,서울특별시 서초구 잠원동 56-3,37.5152074,127.0102178
유치원,서울청계숲유치원,서울특별시 서초구 신원동 247,37.447737,127.0577441
유치원,새성민유치원,서울특별시 서초구 방배3동 981-2,37.4806567,126.9961191
유치원,율화유치원,서울특별시 성동구 행당동 349,37.55648283,127.0352744
유치원,경동(벽산)유치원,서울특별시 성동구 금호동1가 633,37.55453185,127.0260929
유치원,옥수병설유치원,서울특별시 성동구 금호동4가 440-12,37.54552993,127.0218712
유치원,금호유치원,서울특별시 성동구 금호동3가 165-1,37.54879131,127.0231125
유치원,옥수삼성유치원,서울특별시 성동구 옥수동 250,37.54262971,127.0155564
유치원,아이들세상유치원,서울특별시 성동구 금호동4가 800,37.54532877,127.017941
유치원,응봉이화유치원,서울특별시 성동구 응봉동 193-120,37.54991032,127.0311323
유치원,세성유치원,서울특별시 성동구 응봉동 100,37.55386308,127.0340554
유치원,송원병설유치원,서울특별시 성동구 송정동72-8,37.55415747,127.069528
유치원,경수병설유치원,서울특별시 성동구 성수동2가 268,37.54043604,127.0580689
유치원,마장병설유치원,서울특별시 성동구 마장동 556,37.56812375,127.0351078
유치원,세인유치원,서울특별시 성동구 마장동 785-2,37.56525103,127.0465249
유치원,솔유치원,서울특별시 성동구 하왕십리동 258,37.56910834,127.0326723
유치원,성심유치원,서울특별시 성동구 홍익동 236,37.56624296,127.0334181
유치원,송곡유치원,서울특별시 성동구 홍익동 150,37.56512898,127.034625
유치원,무학유치원,서울특별시 성동구 하왕십리동 986-95,37.5614705,127.0306547
유치원,한양여대부속유치원,서울특별시 성동구 사근동 147,37.55947642,127.0490746
유치원,사근병설유치원,서울특별시 성동구 사근동 291-5,37.56268098,127.0475736
유치원,로사유치원,서울특별시 성동구 성수동1가 110,37.5394137,127.0462961
유치원,경동(성수)유치원,서울특별시 성동구 성수동1가 19-1,37.54382386,127.0500737
유치원,옥정병설유치원,서울특별시 성동구 옥수동 233-16,37.54230893,127.0157872
유치원,길음단설유치원,서울특별시 성북구 길음동 635-7 (서울길음초등학교),37.61363151,127.0166585
유치원,푸른샘유치원,서울특별시 성북구 길음동 1280-7,37.6083303,127.0188388
유치원,길원병설유치원,서울특별시 성북구 길음동 1280-4,37.60906528,127.0167359
유치원,선한유치원,서울특별시 성북구 길음동 547-78 (선한목자예수수녀회본원),37.60398309,127.0205883
유치원,은하유치원,서울특별시 성북구 석관동 248-5,37.6094377,127.0586569
유치원,석관병설유치원,서울특별시 성북구 석관동 205,37.61102341,127.0583548
유치원,돈암병설유치원,서울특별시 성북구 동소문동6가 27-1,37.5937453,127.0131031
유치원,희망찬유치원,서울특별시 성북구 돈암동 15-3,37.59899113,127.0231416
유치원,개동유치원,서울특별시 성북구 정릉동 771-3,37.6157955,127.0049727
유치원,동선유치원,서울특별시 성북구 보문동 4가 4,37.58403157,127.0203641
유치원,신암유치원,서울특별시 성북구 보문동2가 30,37.58677107,127.0173862
유치원,삼선병설유치원,서울특별시 성북구 삼선동3가 30-4 (서울삼선초등학교),37.58714288,127.0126717
유치원,성신유치원,서울특별시 성북구 돈암동 173-1,37.59165365,127.0221474
유치원,은영유치원,서울특별시 성북구 보문동3가 168-2,37.5846232,127.0166844
유치원,동신병설유치원,서울특별시 성북구 보문동3가 228,37.58328607,127.0170593
유치원,나래유치원,서울특별시 성북구 길음동 1170,37.60954002,127.0226511
유치원,명덕유치원,서울특별시 성북구 길음동 1135 (명덕유치원),37.60986433,127.0229093
유치원,한가람유치원,서울특별시 성북구 정릉동 239-1,37.61630277,127.010289
유치원,해뜨는유치원,서울특별시 성북구 정릉동 181-39,37.6048317,127.0157068
유치원,루이유치원,서울특별시 성북구 길음동 1284-4,37.60713001,127.0163762
유치원,성북병설유치원,서울특별시 성북구 성북동 66-1,37.59405236,126.9987771
유치원,덕수유치원,서울특별시 성북구 성북동 243-1,37.5940033,126.9952986
유치원,새삼선유치원,서울특별시 성북구 동소문동1가 140-75,37.59028966,127.0062093
유치원,세아유치원,서울특별시 성북구 돈암동 609-1,37.59290593,127.0094026
유치원,반디유치원,서울특별시 성북구 돈암동 609-1,37.59290593,127.0094026
유치원,천사유치원,서울특별시 성북구 돈암동 609-1,37.59290593,127.0094026
유치원,우촌유치원,서울특별시 성북구 돈암동 609,37.59559424,127.0121206
유치원,정덕병설유치원,서울특별시 성북구 동소문동7가 118-1,37.59823941,127.013421
유치원,베네딕도유치원,서울특별시 성북구 돈암동 413-79,37.59965547,127.0158038
유치원,영암유치원,서울특별시 성북구 안암동3가 130-9 (영암교회),37.58236597,127.0234341
유치원,한마음유치원,서울특별시 성북구 장위동 219-46,37.6161682,127.0411878
유치원,사랑유치원,서울특별시 성북구 종암동 99-10,37.59989962,127.0363501
유치원,동덕유치원,서울특별시 성북구 상월곡동 86-1,37.6062049,127.0440045
유치원,광운유치원,서울특별시 성북구 장위동 132-2,37.61914528,127.0537941
유치원,영천유치원,서울특별시 성북구 장위동 231-46,37.61412669,127.0404596
유치원,새싹유치원,서울특별시 성북구 정릉동 139-2 (정릉교회),37.60298573,127.0142327
유치원,청덕병설유치원,서울특별시 성북구 정릉동 847,37.6120423,127.0003392
유치원,영재유치원,서울특별시 성북구 종암동 45-31 (영재유치원),37.59743497,127.0347683
유치원,예린유치원,서울특별시 성북구 종암동 79-204,37.60000168,127.0323416
유치원,숭곡병설유치원,서울특별시 성북구 하월곡동 84-86,37.6084672,127.0328164
유치원,숭례병설유치원,서울특별시 성북구 종암동 22-1,37.59452281,127.0352968
유치원,빛나라유치원,서울특별시 성북구 종암동 131-3,37.5973443,127.032956
유치원,장월병설유치원,서울특별시 성북구 장위동 316,37.62194118,127.0471649
유치원,탑주유치원,서울특별시 성북구 하월곡동 22 (진각종),37.60507324,127.0413674
유치원,동화나라유치원,서울특별시 송파구 풍납2동 238-2,37.52881786,127.115429
유치원,은선유치원,서울특별시 송파구 가락2동 125-10,37.49216827,127.126346
유치원,제일무궁화유치원,서울특별시 송파구 가락2동 193-9,37.49473647,127.1309801
유치원,거여병설유치원,서울특별시 송파구 오금동 108-1,37.50516942,127.1409872
유치원,동삼유치원,서울특별시 송파구 마천2동 128-16,37.4969515,127.1490677
유치원,혜림유치원,서울특별시 송파구 가락2동 186-8,37.49433526,127.135206
유치원,석촌유치원,서울특별시 송파구 석촌동 281-6,37.502878,127.106653
유치원,기린유치원,서울특별시 송파구 송파1동 24,37.507711,127.107597
유치원,별나라유치원,서울특별시 송파구 장지동 72-3,37.481381,127.1257877
유치원,송전병설유치원,서울특별시 송파구 잠실3동 44-2,37.50883008,127.0951286
유치원,티움유치원,서울특별시 송파구 송파2동 180-18,37.50110315,127.115237
유치원,가락병설유치원,서울특별시 송파구 가락동 477,37.50002196,127.107614
유치원,불광유치원,서울특별시 송파구 석촌동 160-1,37.50691411,127.1021089
유치원,생명나무유치원,서울특별시 송파구 장지동 843-2,37.47800137,127.1291602
유치원,세륜병설유치원,서울특별시 송파구 오륜동 89-23,37.51855907,127.1341356
유치원,시연유치원,서울특별시 송파구 송파2동 162-3,37.50484924,127.1173577
유치원,예은유치원,서울특별시 송파구 송파2동 395,37.504712,127.120402
유치원,신천병설유치원,서울특별시 송파구 잠실3동 27-5,37.51401272,127.0950492
유치원,햇빛유치원,서울특별시 송파구 잠실4동 20-52,37.520487,127.114124
유치원,잠일병설유치원,서울특별시 송파구 잠실2동 19-1,37.51473995,127.0816351
유치원,꿈밭유치원,서울특별시 송파구 잠실7동 101-8,37.507822,127.074212
유치원,아주유치원,서울특별시 송파구 거여2동 295,37.50582752,127.0757669
유치원,수정유치원,서울특별시 송파구 방이2동 45-4,37.51597328,127.1153126
유치원,위례 솔가람유치원,서울특별시 송파구 위례동 406,37.4780167,127.1409678
유치원,잠신병설유치원,서울특별시 송파구 잠실2동 22-10,37.5141325,127.0879195
유치원,아이코리아새세대유치원,서울특별시 송파구 장지동 45,37.48275686,127.1340437
유치원,사슴유치원,서울특별시 양천구 신월1동 121-1,37.53090097,126.8358401
유치원,광영유치원,서울특별시 양천구 신월3동 43-2,37.53719702,126.8232754
유치원,신원초교병설,서울특별시 양천구 신월3동 202-1,37.529559,126.8298644
유치원,계상유치원,서울특별시 양천구 신정3동 1286-1,37.512508,126.839855
유치원,어린이의정원유치원,서울특별시 양천구 신정7동 337-2,37.5065709,126.8647692
유치원,세화유치원,서울특별시 양천구 신정6동 331,37.51500071,126.8712376
유치원,원일유치원,서울특별시 양천구 목5동 912,37.53515823,126.8818745
유치원,한서유치원,서울특별시 양천구 목5동 911,37.53520397,126.8843953
유치원,목성유치원,서울특별시 양천구 신정7동 326,37.51209425,126.8602892
유치원,등대유치원,서울특별시 양천구 신정2동 1279,37.52213281,126.877791
유치원,빛나유치원,서울특별시 양천구 목1동 925,37.52924998,126.867095
유치원,푸른유치원,서울특별시 양천구 신정4동 1011-3,37.5230403,126.8624045
유치원,양목초교병설,서울특별시 양천구 신정4동 1001,37.5239168,126.8614708
유치원,아란유치원,서울특별시 양천구 목5동 903,37.53422404,126.8741688
유치원,수영유치원,서울특별시 양천구 목5동 901,37.54129242,126.878502
유치원,해림유치원,서울특별시 양천구 목5동 929,37.54162818,126.8826428
유치원,월촌초교병설,서울특별시 양천구 목5동 901-1,37.54069543,126.876258
유치원,영도초교병설,서울특별시 양천구 목5동 903-1,37.53595157,126.8719438
유치원,튼튼유치원,서울특별시 양천구 신정4동 915-4,37.525867,126.857291
유치원,성보유치원,서울특별시 양천구 목4동 741-11,37.53962306,126.867725
유치원,신목유치원,서울특별시 양천구 목2동 504-12,37.546331,126.870203
유치원,레인보우유치원,서울특별시 양천구 목2동 520-29,37.5455303,126.878038
유치원,동연유치원,서울특별시 양천구 목3동 602-16,37.548809,126.8677075
유치원,등촌유치원,서울특별시 양천구 목3동 625-19,37.54657555,126.8649065
유치원,신예유치원,서울특별시 양천구 신정3동 1276,37.51232384,126.853457
유치원,신기초교병설,서울특별시 양천구 신정3동 1274,37.51131204,126.8542146
유치원,장수초교병설,서울특별시 양천구 신정3동 1288-2,37.51299801,126.845158
유치원,신정유치원,서울특별시 양천구 신정3동 1319-3,37.51356942,126.8333708
유치원,경인초교병설,서울특별시 양천구 목5동 911,37.5328933,126.8856977
유치원,신일유치원,서울특별시 양천구 신월2동 490-15,37.5226148,126.8441064
유치원,대한유치원,서울특별시 양천구 신월2동 465-6,37.52573412,126.8448059
유치원,목동유치원,서울특별시 양천구 신정4동 1000-3,37.52437704,126.860513
유치원,세진유치원,서울특별시 양천구 신월5동 20-34,37.5409075,126.832709
유치원,다솜유치원,서울특별시 양천구 신월4동 422-2,37.52423757,126.8387504
유치원,이화유치원,서울특별시 양천구 신월7동 912-6,37.52300136,126.8310059
유치원,상아유치원,서울특별시 양천구 신월7동 953-6,37.52092959,126.8339068
유치원,파랑새유치원,서울특별시 영등포구 대림동 670-1,37.502352,126.900249
유치원,성락유치원,서울특별시 영등포구 신길동 355-632,37.503707,126.902462
유치원,성모유치원,서울특별시 영등포구 신길동 890,37.505349,126.921226
유치원,영등포초등학교병설유치원,서울특별시 영등포구 문래동1가 35-2,37.512933,126.8982606
유치원,침례유치원,서울특별시 영등포구 여의도동 53-19,37.517834,126.934133
유치원,은하유치원,서울특별시 영등포구 당산동3가 79,37.524812,126.898217
유치원,푸른나라유치원,서울특별시 영등포구 당산동4가 37,37.528706,126.897104
유치원,대동초등학교병설유치원,서울특별시 영등포구 대림동 702,37.493508,126.900409
유치원,정은유치원,서울특별시 영등포구 대림동 720-5,37.49588,126.898831
유치원,새나유치원,서울특별시 영등포구 신길동 4518,37.497987,126.910927
유치원,도신초등학교병설유치원,서울특별시 영등포구 대림3동 741-3,37.498772,126.900881
유치원,큰나무유치원,서울특별시 영등포구 대림3동 608-1,37.50623417,126.8951527
유치원,우성유치원,서울특별시 영등포구 신길동 365,37.50574154,126.9006228
유치원,연화유치원,서울특별시 영등포구 신길1동 136,37.509246,126.917206
유치원,파란나라유치원,서울특별시 영등포구 대림동 652,37.503145,126.897312
유치원,돈보스꼬유치원,서울특별시 영등포구 도림동 161,37.51054634,126.9013856
유치원,대림유치원,서울특별시 영등포구 대림동 909-57,37.496264,126.906951
유치원,평화유치원,서울특별시 영등포구 당산동5가 7-54,37.532337,126.896787
유치원,당중초등학교병설유치원,서울특별시 영등포구 양평동3가 42,37.526378,126.889725
유치원,청은유치원,서울특별시 영등포구 양평동1가 20,37.52252275,126.8856954
유치원,영림초등학교병설유치원,서울특별시 영등포구 대림동 993-16,37.487353,126.902448
유치원,평강유치원,서울특별시 영등포구 대림동 912-46,37.494892,126.908145
유치원,성미유치원,서울특별시 영등포구 신길동 253-242,37.501423,126.908874
유치원,에덴유치원,서울특별시 영등포구 신길동 4916-15,37.505557,126.913438
유치원,동천유치원,서울특별시 영등포구 신길동 4903-20,37.506509,126.912233
유치원,명신유치원,서울특별시 영등포구 신길동 281-24,37.507661,126.907811
유치원,영중초등학교병설유치원,서울특별시 영등포구 영등포동7가 53,37.523659,126.903814
유치원,영은유치원,서울특별시 영등포구 양평동3가 8-2,37.525231,126.890011
유치원,양평유치원,서울특별시 영등포구 양평동4가 184,37.537874,126.895548
유치원,한신혜원유치원,서울특별시 영등포구 양평동5가 76,37.54011,126.89215
유치원,윤중초등학교병설유치원,서울특별시 영등포구 여의도동 38,37.519747,126.922807
유치원,신라유치원,서울특별시 영등포구 신길동 170-7,37.514258,126.916489
유치원,영중유치원,서울특별시 영등포구 영등포동8가 84,37.53084,126.905173
유치원,한영교회유치원,서울특별시 영등포구 영등포동8가 69,37.528458,126.904777
유치원,무지개나라유치원,서울특별시 은평구 가좌로7다길 13,37.584587,126.9180933
유치원,자인(구산초교 중복),서울특별시 은평구 갈현로 169-7,37.613278,126.910725
유치원,라라유치원,서울특별시 은평구 갈현로 170-1,37.613139,126.9119458
유치원,색동유치원,서울특별시 은평구 갈현로 212-1,37.616055,126.914224
유치원,보람유치원,서울특별시 은평구 갈현로4길 42,37.6000472,126.914225
유치원,새보람유치원,서울특별시 은평구 불광로 107,37.6162634,126.932639
유치원,예일(예일초교 중복),서울특별시 은평구 연서로 117,37.6101791,126.9151623
유치원,백합유치원,서울특별시 은평구 연서로14길 14-5,37.608195,126.917391
유치원,보림유치원,서울특별시 은평구 연서로17길 35-1,37.613523,126.9135372
유치원,성균관(갈현초교 중복),서울특별시 은평구 연서로27길 23,37.6183134,126.9169211
유치원,은평국제유치원,서울특별시 은평구 은평로3가길 32,37.599004,126.9114685
유치원,효림유치원,서울특별시 은평구 은평터널로 51,37.5855516,126.8994297
유치원,와우랩유치원,서울특별시 은평구 응암로28길 34,37.593914,126.921523
유치원,다우림유치원,서울특별시 은평구 증산로21길 22,37.596197,126.912308
유치원,동산유치원,서울특별시 은평구 증산서길 88,37.5839762,126.907226
유치원,진관유치원,서울특별시 은평구 진관2로 111-16,37.6347136,126.930959
유치원,숲유치원,서울특별시 은평구 진관2로 37,37.6370354,126.917566
유치원,동북유치원,서울특별시 은평구 진관4로 31,37.64432515,126.9248133
유치원,하나유치원,서울특별시 은평구 진관4로 93,37.64806913,126.9298271
유치원,유정유치원,서울특별시 은평구 진흥로12길 23,37.6066376,126.926723
유치원,엔젤유치원,서울특별시 은평구 진흥로7길 25,37.604196,126.9188633
유치원,바다의별유치원,서울특별시 은평구 통일로 790-1,37.615361,126.9262062
유치원,은혜유치원,서울특별시 은평구 통일로78가길 20,37.6177491,126.9275474
유치원,연동유치원,서울특별시 종로구 연지동 136-25,37.5738297,127.0013212
유치원,청룡유치원,서울특별시 종로구 숭인동 48-2,37.579374,127.016652
유치원,세종유치원,서울특별시 종로구 필운동 278-4,37.575477,126.969952
유치원,봄샘유치원,서울특별시 종로구 종로6가 210-1,37.5733219,127.006604
유치원,세검정유치원,서울특별시 종로구 홍지동 94-9,37.6001344,126.9594842
유치원,옥인유치원,서울특별시 종로구 옥인동 18,37.582135,126.970311
유치원,혜화유치원,서울특별시 종로구 혜화동 161-4,37.586802,127.003115
유치원,하나유치원,서울특별시 종로구 평창동 439-5,37.614309,126.977438
유치원,한아름유치원,서울특별시 종로구 혜화동 109-2,37.590282,127.0011512
유치원,수암유치원,서울특별시 중구 신당동 844-1,37.549369,127.011859
유치원,신일유치원,서울특별시 중구 신당동 347-298,37.5553533,127.011848
유치원,약수유치원,서울특별시 중구 신당동 842,37.554461,127.014231
유치원,근화유치원,서울특별시 중구 신당동 406-4,37.559141,127.009055
유치원,가명유치원,서울특별시 중구 중림동 149-2,37.558827,126.967101
유치원,일신유치원,서울특별시 중구 남창동 202,37.556686,126.9787684
유치원,한일유치원,서울특별시 중구 신당동 67-81,37.563273,127.020104
유치원,미림유치원,서울특별시 중랑구 묵1동 162-1,37.61646036,127.0793223
유치원,색동유치원,서울특별시 중랑구 면목2동 183-120,37.591641,127.078386
유치원,서안유치원,서울특별시 중랑구 중화1동 282-12,37.604325,127.079934
유치원,묵현초등학교병설유치원,서울특별시 중랑구 묵2동 242-55,37.6090795,127.073615
유치원,중곡초등학교병설유치원,서울특별시 중랑구 면목4동 380,37.57489299,127.0834395
유치원,동일유치원,서울특별시 중랑구 면목7동 665-2,37.57814651,127.084613
유치원,봄내유치원,서울특별시 중랑구 면목본동 547-4,37.585935,127.085535
유치원,동원초등학교병설유치원,서울특별시 중랑구 망우본동 216,37.594978,127.07657
유치원,예원유치원,서울특별시 중랑구 신내2동 783,37.6059759,127.0947267
유치원,이루니유치원,서울특별시 중랑구 상봉1동 63,37.60162827,127.0917588
유치원,정암유치원,서울특별시 중랑구 망우동 342-60,37.601161,127.1037709
유치원,동국유치원,서울특별시 중랑구 면목4동 1382,37.57385234,127.087174
유치원,수산유치원,서울특별시 중랑구 중화2동 316-30,37.59752737,127.0759685
어린이집,동빙고어린이집,서울특별시 용산구 동빙고동 7-40,37.52360144,126.9940089
어린이집,한남어린이집,서울특별시 용산구 한남동 685-43,37.53456498,127.0004933
어린이집,보광어린이집,서울특별시 용산구 보광동9-12,37.52880939,127.0009367
어린이집,이촌어린이집,서울특별시 용산구 이촌동 206-1,37.52695898,126.9545216
어린이집,충신교회어린이집,서울특별시 용산구 이촌동 302-91,37.52052298,126.9677697
어린이집,이태원삼성어린이집,서울특별시 용산구 이태원동 111-6,37.53534696,126.9953973
어린이집,성모어린이집,서울특별시 강남구 논현동 137-16,37.51102773,127.026898
어린이집,강남동산어린이집,서울특별시 강남구 개포동 1262-9,37.479431,127.0504286
어린이집,목련어린이집,서울특별시 강남구 개포동 14-2 (강남구건강가정지원센터),37.494007,127.077734
어린이집,강남어린이집,서울특별시 강남구 개포동 12 (대치아파트),37.495751,127.075096
어린이집,아이뜰어린이집,서울특별시 강남구 개포동 1204-7,37.477164,127.050117
어린이집,해맑은어린이집,서울특별시 강남구 개포동 1210-4 (어린이집),37.478521,127.0513054
어린이집,수서어린이집,서울특별시 강남구 수서동 450-2 (어린이집),37.486135,127.099054
어린이집,일원어린이집,서울특별시 강남구 일원동 727,37.483221,127.078254
어린이집,예지어린이집,서울특별시 강남구 개포동 1164-15 (대경빌딩),37.47352236,127.0535087
어린이집,성아어린이집,서울특별시 강남구 도곡동 515-15,37.484042,127.043583
어린이집,선우어린이집,서울특별시 강남구 도곡동 548-1,37.490733,127.0385091
어린이집,역삼가애어린이집,서울특별시 강남구 역삼동 783-19 (구립역삼가애어린이집),37.494809,127.044725
어린이집,킹스키즈어린이집,서울특별시 강남구 대치동 926-10,37.49983413,127.056227
어린이집,삼성어린이집,서울특별시 강남구 대치동 1014-3 (대치삼성아파트),37.49663609,127.058851
어린이집,청담어린이집,서울특별시 강남구 청담동 1-13 (어린이집),37.52212074,127.0401134
어린이집,신사어린이집,서울특별시 강남구 청담동 1-13 (어린이집),37.52212074,127.0401134
어린이집,방죽어린이집,서울특별시 강남구 율현동 318-11,37.4699202,127.104503
어린이집,도토리소풍넥슨어린이집,서울특별시 강남구 삼성동 123-38 (넥슨어린이집),37.51043221,127.051243
어린이집,아이앤어린이집,서울특별시 강남구 삼성동 123-22,37.51002831,127.0518427
어린이집,오르다어린이집,서울특별시 강남구 삼성동 49-6 (어린이집),37.51279678,127.0505144
어린이집,한별어린이집,서울특별시 강남구 삼성동 149-11 (한별어린이집 삼성육아종합지원센터),37.511759,127.0555131
어린이집,구민회관어린이집,서울특별시 강남구 대치동 509-2 (강남구의회 강남구민회관),37.493887,127.0642704
어린이집,한울어린이집,서울특별시 강남구 대치동 1029 (대치SK-VIEW아파트),37.49590698,127.0610017
어린이집,선재어린이집,서울특별시 강남구 대치동 916-23,37.50147751,127.0563559
어린이집,선릉삼성어린이집,서울특별시 강남구 삼성동 142-11,37.506634,127.051164
어린이집,준현어린이집,서울특별시 강남구 청담동 19-16,37.52262415,127.043338
어린이집,압구정아람어린이집,서울특별시 강남구 압구정동 483 (압구정파출소),37.52934822,127.0356146
어린이집,청수어린이집,서울특별시 강남구 청담동 124-1 (청담동주민센터),37.525052,127.049284
어린이집,대청어린이집,서울특별시 강남구 일원동 675-1,37.490853,127.083513
어린이집,압구정어린이집,서울특별시 강남구 신사동 627-1,37.523923,127.0322635
어린이집,바롬어린이집,서울특별시 강남구 신사동 647-6 (바롬어린이집),37.525305,127.036309
어린이집,한티어린이집,서울특별시 강남구 대치동 994-17,37.49995467,127.066938
어린이집,대치어린이집,서울특별시 강남구 대치동 985-1 (구립대치어린이집),37.50185478,127.065542
어린이집,미담어린이집,서울특별시 강남구 일원동 717 (삼성생명일원역빌딩),37.48402087,127.0844599
어린이집,자람어린이집,서울특별시 강남구 일원동 677-9,37.491666,127.082926
어린이집,세곡햇빛어린이집,서울특별시 강남구 자곡동 77 (강남한양수자인아파트),37.476549,127.111611
어린이집,푸른어린이집,서울특별시 강남구 자곡동 440-33 (구립푸른어린이집),37.47356078,127.0998275
어린이집,역삼어린이집,서울특별시 강남구 역삼동 743-7,37.497106,127.035679
어린이집,충현어린이집,서울특별시 강남구 역삼동 665-1 (충현교회),37.50532685,127.0376163
어린이집,강남구청어린이집,서울특별시 강남구 삼성동 111-44 (가로판매대),37.51796636,127.0470611
어린이집,연화어린이집,서울특별시 강남구 논현동 114-24 (논현2동주민센터),37.517216,127.037152
어린이집,튼튼영재어린이집,서울특별시 강남구 청담동 134-20 (서울청담동취급국),37.52244507,127.0576206
어린이집,보미나어린이집,서울특별시 강남구 논현동 133-20,37.51150308,127.0285346
어린이집,언북몬테소리어린이집,서울특별시 강남구 청담동 35-6 (장우빌딩),37.519322,127.046511
어린이집,암사무지개어린이집,서울특별시 강동구 암사1동 466-104,37.55370576,127.1305028
어린이집,강동아이슐레어린이집,서울특별시 강동구 암사1동 437-1,37.55322569,127.137505
어린이집,동심어린이집,서울특별시 강동구 암사동 450-24,37.5561083,127.1373773
어린이집,상일어린이집,서울특별시 강동구 상일동 121-2,37.5562973,127.1656874
어린이집,푸른숲어린이집,서울특별시 강동구 명일2동 248-4,37.5488256,127.1535042
어린이집,세정어린이집,서울특별시 강동구 고덕1동 501-1,37.56063446,127.1557401
어린이집,둔촌어린이집,서울특별시 강동구 둔촌2동 81-4,37.5305225,127.1430056
어린이집,예꿈어린이집,서울특별시 강동구 암사동 490-39,37.54794025,127.1329509
어린이집,암사어린이집,서울특별시 강동구 암사2동 510-25,37.55060871,127.1249616
어린이집,자연어린이집,서울특별시 강동구 천호2동 321-63,37.5465048,127.124518
어린이집,성내참사랑어린이집,서울특별시 강동구 성내동 435-26,37.52601778,127.1291451
어린이집,예은어린이집,서울특별시 강동구 천호3동 186-7,37.5408215,127.1336179
어린이집,구립해나어린이집,서울특별시 강동구 암사동 445-11,37.55586966,127.1347874
어린이집,개나리어린이집,서울특별시 강동구 암사1동 474-8,37.5521359,127.135707
어린이집,예일어린이집,서울특별시 강동구 성내3동 441-3,37.5229326,127.1339492
어린이집,구립은강어린이집,서울특별시 강동구 성내동 378-9,37.5333784,127.1363923
어린이집,한양어린이집,서울특별시 강동구 길동 335-8,37.5435458,127.1428147
어린이집,반석어린이집,서울특별시 강동구 길동 78-5,37.54281992,127.1473249
어린이집,강동무지개어린이집,서울특별시 강동구 천호동 43-22,37.54460484,127.1406641
어린이집,올리브나무어린이집,서울특별시 강동구 명일1동 338-19,37.5478059,127.1459154
어린이집,고일어린이집,서울특별시 강동구 고덕동 494-3,37.55696418,127.1513067
어린이집,애지어린이집,서울특별시 강동구 둔촌2동 452-2,37.531761,127.1415805
어린이집,강동복지관어린이집,서울특별시 강동구 천호3동 555,37.54004382,127.1297892
어린이집,곡교어린이집,서울특별시 강동구 천호2동 362-20,37.5435022,127.1278081
어린이집,라온어린이집,서울특별시 강동구 천호1동 49-33,37.5431379,127.1393804
어린이집,성심어린이집,서울특별시 강동구 길동 401-2,37.53621721,127.1445702
어린이집,자이젠킨더어린이집,서울특별시 강동구 길동 123-2,37.5377155,127.1478568
어린이집,강일어린이집,서울특별시 강동구 강일동 348-1,37.56911833,127.1785799
어린이집,그린어린이집,서울특별시 강동구 성내1동 521-8,37.5304122,127.1268502
어린이집,번2동어린이집,서울특별시 강북구 번동 520,37.63375,127.03203
어린이집,별밭어린이집,서울특별시 강북구 미아동 345-1,37.61968,127.02448
어린이집,인수동어린이집,서울특별시 강북구 수유동 355-8,37.64149755,127.01413
어린이집,솔밭어린이집,서울특별시 강북구 우이동 100-36,37.65411876,127.01202
어린이집,제일어린이집,서울특별시 강북구 우이동 124-46,37.65867,127.01042
어린이집,솔바람어린이집,서울특별시 강북구 미아동 791-2119,37.6217,127.01686
어린이집,삼양어린이집,서울특별시 강북구 미아동 791-469,37.62782,127.01991
어린이집,신기어린이집,서울특별시 강북구 수유동 472-236,37.63099889,127.01702
어린이집,자연어린이집,서울특별시 강북구 번동 155-5,37.62785,127.03922
어린이집,예원어린이집,서울특별시 강북구 미아동 3-8,37.61783,127.03351
어린이집,백운교회어린이집,서울특별시 강북구 수유동 542-6,37.64463,127.01019
어린이집,꼬꼬마어린이집,서울특별시 강북구 번동 177-2,37.62764,127.04204
어린이집,예닮어린이집,서울특별시 강북구 번동 430-66,37.63491,127.03569
어린이집,푸른솔어린이집,서울특별시 강북구 수유동 246-3,37.64393,127.01933
어린이집,상아어린이집,서울특별시 강서구 등촌동 679-5 (상아어린이집),37.562025,126.840249
어린이집,으뜸어린이집,서울특별시 강서구 화곡동 802-1 (으뜸어린이집),37.53365332,126.860173
어린이집,이레어린이집,서울특별시 강서구 방화동 583-37 (혜화어린이집),37.56950782,126.810033
어린이집,밤비니어린이집,서울특별시 강서구 공항동 67-10 (밤비니유치원),37.558943,126.8095884
어린이집,LG사이언스파크어린이집,서울특별시 강서구 마곡동 770-1 (엘지사이언스파크),37.56340246,126.8312316
어린이집,프란체스코어린이집,서울특별시 강서구 공항동 678-10,37.5555119,126.8146107
어린이집,동산어린이집,서울특별시 강서구 염창동 113-17 (동산어린이집),37.55153551,126.875539
어린이집,발산어린이집,서울특별시 강서구 내발산동 673-6 (새신아아파트),37.554404,126.8422023
어린이집,하늘어린이집,서울특별시 강서구 화곡동 410-105 (예지빌라트),37.53900534,126.8514134
어린이집,CEC어린이집,서울특별시 강서구 화곡동 1040-10,37.5427125,126.8330272
어린이집,구립합실어린이집,서울특별시 관악구 삼성동 1714-2,37.464018,126.925415
어린이집,초롱별어린이집,서울특별시 관악구 신림동 763-68,37.4762101,126.9153179
어린이집,노아어린이집,서울특별시 관악구 조원동 538-26,37.4818537,126.912415
어린이집,구립다원어린이집,서울특별시 관악구 미성동 733,37.47196653,126.9121893
어린이집,미라클어린이집,서울특별시 관악구 난곡동 611-142,37.473654,126.919802
어린이집,아뜰어린이집,서울특별시 관악구 봉천동 965-1,37.4874654,126.9369662
어린이집,구립선봉어린이집,서울특별시 관악구 은천동 942-29,37.485148,126.939675
어린이집,구립서원어린이집,서울특별시 관악구 서림동 409-197,37.4768877,126.934115
어린이집,구립문성어린이집,서울특별시 관악구 조원동 1661-15,37.48201452,126.9028929
어린이집,구립새빛어린이집,서울특별시 관악구 신사동 501-30,37.4863192,126.9151491
어린이집,예대어린이집,서울특별시 관악구 중앙동 888-12,37.485256,126.947208
어린이집,구립도담어린이집,서울특별시 관악구 청림동 1-85,37.4897327,126.958378
어린이집,구립미림어린이집,서울특별시 관악구 삼성동 300-7,37.46639992,126.9309422
어린이집,수정어린이집,서울특별시 광진구 군자동 30-13,37.549073,127.060671
어린이집,신나는어린이집,서울특별시 광진구 구의1동 240-25,37.541318,127.079921
어린이집,구의3동어린이집,서울특별시 광진구 구의3동 199-21,37.539328,127.086356
어린이집,좋은어린이집,서울특별시 광진구 구의3동 590-3,37.536186,127.081554
어린이집,우리티움아이어린이집,서울특별시 광진구 구의3동 209-44,37.540118,127.090531
어린이집,키즈용맹(구.하은)어린이집,서울특별시 광진구 중곡4동 76-58,37.55857,127.082342
어린이집,미예뜰어린이집,서울특별시 광진구 중곡3동 191-60,37.566295,127.063006
어린이집,으뜸어린이집,서울특별시 광진구 자양3동 482-5,37.53078,127.062416
어린이집,예아랑어린이집,서울특별시 광진구 중곡3동 589-1,37.570679,127.078049
어린이집,중곡샛별어린이집,서울특별시 광진구 중곡3동 587-8,37.570926,127.071484
어린이집,아이세계어린이집,서울특별시 광진구 자양4동 197-6,37.536087,127.053441
어린이집,상명어린이집,서울특별시 광진구 중곡3동 175-98,37.569899,127.072668
어린이집,선린어린이집,서울특별시 광진구 자양1동 609-1,37.533347,127.068158
어린이집,꿈동산몬테소리어린이집,서울특별시 광진구 군자동 50,37.555785,127.067272
어린이집,명성어린이집,서울특별시 광진구 구의1동 248-5,37.54006,127.077563
어린이집,사랑의어린이집,서울특별시 광진구 광장동 472-1,37.541017,127.094937
어린이집,성심어린이집,서울특별시 광진구 중곡2동 134-25,37.556563,127.076229
어린이집,구의2동어린이집,서울특별시 광진구 구의2동 36-20,37.550188,127.087477
어린이집,자양어린이집,서울특별시 광진구 자양3동 581-2,37.532877,127.066464
어린이집,예지어린이집,서울특별시 광진구 군자동 357-5,37.557168,127.064697
어린이집,능동어린이집,서울특별시 광진구 능동 240-16,37.553551,127.073198
어린이집,구로삼성어린이집,서울특별시 구로구 구로동 704-41,37.491254,126.882454
어린이집,LG전자구로어린이집,서울특별시 구로구 구로동 701-186,37.486014,126.8769045
어린이집,지암어린이집,서울특별시 구로구 개봉동 354-6 (개봉3동복지관),37.48722468,126.852844
어린이집,광진선교어린이집,서울특별시 구로구 개봉동 478 (개봉한진아파트),37.48589964,126.8509714
어린이집,코레일오류동어린이집,서울특별시 구로구 오류동 66,37.49548271,126.8453299
어린이집,남산어린이집,서울특별시 구로구 고척동 52-316 (남산어린이집),37.50294183,126.864935
어린이집,세라핌어린이집,서울특별시 구로구 오류동 31-1 (오류동감리교회),37.497724,126.8450222
어린이집,예뜰어린이집,서울특별시 구로구 가리봉동 771-1,37.48599142,126.884695
어린이집,샛별어린이집,서울특별시 구로구 구로동 549-8 (샛별어린이집),37.4999466,126.8850875
어린이집,구일어린이집,서울특별시 구로구 구로동 685-219 (구일어린이집),37.491746,126.874349
어린이집,무궁어린이집,서울특별시 구로구 궁동 190-66 (무궁어린이집),37.49492008,126.8344028
어린이집,샘소슬어린이집,서울특별시 구로구 궁동 189-73,37.49359778,126.834631
어린이집,예쁜별어린이집,서울특별시 구로구 오류동 136-51,37.4924091,126.843062
어린이집,항동어린이집,서울특별시 구로구 항동 12-19 (항동어린이집),37.48537876,126.8234383
어린이집,궁동어린이집,서울특별시 구로구 궁동 283-9 (궁동어린이집),37.49684058,126.829017
어린이집,모아래 어린이집,서울특별시 금천구 가산동 219-21,37.47629846,126.8904598
어린이집,샛별 어린이집,서울특별시 금천구 가산동 234-22,37.47235437,126.893007
어린이집,꿈나래 어린이집,서울특별시 금천구 시흥동 118-90,37.45492907,126.8973672
어린이집,시흥5동 어린이집,서울특별시 금천구 시흥동 919-15,37.449855,126.907253
어린이집,본동 어린이집,서울특별시 금천구 시흥동 935-2,37.44862061,126.904304
어린이집,새라 어린이집,서울특별시 금천구 독산동 1074-22,37.460455,126.902101
어린이집,시흥4동어린이집,서울특별시 금천구 시흥동 812-38,37.45898015,126.906171
어린이집,정심 어린이집,서울특별시 금천구 독산동 938-5,37.467721,126.907262
어린이집,개미 어린이집,서울특별시 금천구 독산동 993-30,37.47304288,126.905858
어린이집,새롬어린이집,서울특별시 금천구 독산동 378-37,37.46582147,126.90725
어린이집,한울 아트스쿨,서울특별시 금천구 독산동 977-15,37.474613,126.904109
어린이집,애경어린이집,서울특별시 금천구 독산동 906-28,37.47712526,126.9092077
어린이집,기쁨 어린이집,서울특별시 금천구 독산동 1006-144,37.464453,126.893515
어린이집,가산 어린이집,서울특별시 금천구 가산동 602-71,37.482621,126.8845034
어린이집,새길어린이집,서울특별시 금천구 시흥동 957-11,37.440234,126.907423
어린이집,독산본동어린이집,서울특별시 금천구 독산동 964-46,37.47741906,126.9025099
어린이집,자연유아 어린이집,서울특별시 금천구 시흥동 420-11,37.446718,126.908245
어린이집,양문 어린이집,서울특별시 금천구 시흥동 492-53,37.448229,126.900257
어린이집,금주어린이집,서울특별시 금천구 시흥동 881-25,37.45647886,126.90166
어린이집,옥계어린이집,서울특별시 금천구 독산동 1067-9,37.460122,126.9003034
어린이집,해솔예술어린이집,서울특별시 금천구 독산동 1062-10,37.46300863,126.9007427
어린이집,쌍문1동,서울특별시 도봉구 쌍문동 348-10 (쌍문1동어린이집),37.6482929,127.025917
어린이집,예그린,서울특별시 도봉구 쌍문동 137-202 (반석빌딩),37.6510868,127.0305925
어린이집,쌍문삼성,서울특별시 도봉구 쌍문동 143-2 (쌍문삼성어린이집),37.6509601,127.0344914
어린이집,신창,서울특별시 도봉구 창동 448-6,37.6400934,127.0413047
어린이집,행복둥지,서울특별시 도봉구 창동 449-109,37.6397587,127.0418041
어린이집,창3동,서울특별시 도봉구 창동 산194-2 (창3동어린이집),37.6396519,127.0428491
어린이집,경일,서울특별시 도봉구 방학동 635-5 (경일아이랜드),37.6664179,127.0349032
어린이집,햇살마루,서울특별시 도봉구 창동 731-120,37.6575017,127.0408123
어린이집,이화,서울특별시 도봉구 창동 731-120,37.6573827,127.0404858
어린이집,예원키즈,서울특별시 도봉구 방학동 682-24,37.6652429,127.0373617
어린이집,신세인,서울특별시 도봉구 창동 731-28,37.6575153,127.0405866
어린이집,창2동,서울특별시 도봉구 창동 731-51 (새로움빌),37.6573644,127.0404264
어린이집,하늘빛,서울특별시 도봉구 도봉동 596-31,37.677656,127.0440422
어린이집,창4동,서울특별시 도봉구 창동 788 (창4동어린이집),37.6421639,127.0532892
어린이집,한내,서울특별시 도봉구 창동 827-1 (창4동한내어린이집),37.66149881,127.0450843
어린이집,방학3동,서울특별시 도봉구 쌍문동 206-10,37.6612213,127.0324535
어린이집,신예원,서울특별시 도봉구 방학동 682-18 (신예원어린이집),37.6648067,127.0410685
어린이집,세인,서울특별시 도봉구 쌍문동 36-4 (햇빛어린이집),37.6588094,127.0389515
어린이집,방아골,서울특별시 도봉구 방학동 396-19 (도봉방아골종합사회복지관),37.6692804,127.032581
어린이집,해맑은,서울특별시 도봉구 쌍문동 493-8,37.6565427,127.015283
어린이집,쌍문2동,서울특별시 도봉구 창동 316-1 (창동주공2단지아파트),37.6528547,127.0430751
어린이집,예나어린이집,서울특별시 동대문구 제기동 681-2,37.58574501,127.0394775
어린이집,구청(직장)어린이집,서울특별시 동대문구 용두동 29-3,37.57530824,127.0391472
어린이집,청정원어린이집,서울특별시 동대문구 신설동 103-13,37.574139,127.025153
어린이집,메꽃어린이집,서울특별시 동대문구 장안동 333-1,37.57171567,127.0760464
어린이집,나사렛어린이집,서울특별시 동대문구 전농동 209-15,37.58038946,127.0535852
어린이집,오르다어린이집,서울특별시 동대문구 답십리동 52-5,37.57180533,127.0577463
어린이집,우아세어린이집,서울특별시 동대문구 답십리동 50-35,37.57114155,127.0577034
어린이집,조은어린이집,서울특별시 동대문구 답십리 990-14,37.57007076,127.0598623
어린이집,산내들어린이집,서울특별시 동대문구 답십리동 1-304,37.57387476,127.0660298
어린이집,별밭어린이집,서울특별시 동대문구 장안동 388,37.57234503,127.0685733
어린이집,푸른하늘어린이집,서울특별시 동대문구 장안동 393-2,37.56894421,127.0669403
어린이집,휘경어린이집,서울특별시 동대문구 휘경동 308-196,37.58711503,127.0577157
어린이집,동대문어린이집,서울특별시 동대문구 답십리동 477-9,37.57180206,127.0512824
어린이집,배봉어린이집,서울특별시 동대문구 장안동 94-61,37.5811645,127.0706374
어린이집,해오름어린이집,서울특별시 동대문구 제기동 220,37.58402117,127.0341959
어린이집,영유아프라자어린이집,서울특별시 동대문구 제기동 227-2,37.58372345,127.0346575
어린이집,새하늘어린이집,서울특별시 동대문구 휘경동 343-4,37.587691,127.053698
어린이집,한일어린이집,서울특별시 동대문구 이문동 115-46,37.59806481,127.0656487
어린이집,이화어린이집,서울특별시 동대문구 장안동 341-5,37.57007078,127.0727032
어린이집,솔향기어린이집,서울특별시 동대문구 장안동 339-6,37.568331,127.071985
어린이집,연세어린이집,서울특별시 동대문구 장안동 289-31,37.57607996,127.0704404
어린이집,사군자어린이집,서울특별시 동대문구 장안동 403-5,37.56510957,127.0638865
어린이집,꿈마루어린이집,서울특별시 동대문구 전농동 103-53,37.58550219,127.0540414
어린이집,예다미어린이집,서울특별시 동대문구 이문동 264-117,37.59934457,127.0577394
어린이집,장안어린이집,서울특별시 동대문구 장안동 444-7,37.5641117,127.069485
어린이집,햇살어린이집,서울특별시 동대문구 용두동 696-9,37.57281917,127.0369829
어린이집,성은어린이집,서울특별시 동대문구 이문동 64-2,37.59917356,127.0679845
어린이집,세서울어린이집,서울특별시 동대문구 장안동 144-17,37.57172101,127.067234
어린이집,삼성어린이집,서울특별시 동대문구 장안동 389-4,37.57128823,127.0682469
어린이집,더불어숲어린이집,서울특별시 동대문구 답십리동 1000-1,37.57567472,127.0669941
어린이집,중앙삐아제어린이집,서울특별시 동대문구 이문동 217-1,37.60403447,127.0667747
어린이집,태양어린이집,서울특별시 동대문구 답십리동557-1,37.57405193,127.0453445
어린이집,회기어린이집,서울특별시 동대문구 회기동 58-1,37.59067813,127.0545526
어린이집,연꽃어린이집,서울특별시 동작구 상도3동 산77-1,37.49326005,126.9360196
어린이집,다문화어린이집,서울특별시 동작구 사당1동 1011-1,37.4830324,126.9787548
어린이집,참사랑어린이집,서울특별시 동작구 사당1동 1012-23,37.48280553,126.9775139
어린이집,예담어린이집,서울특별시 동작구 상도동 511,37.5069456,126.9512421
어린이집,문화어린이집,서울특별시 동작구 사당동 1131-4,37.4851433,126.9724116
어린이집,사당4동어린이집,서울특별시 동작구 사당동316-56,37.480666,126.973077
어린이집,양지어린이집,서울특별시 동작구 사당동 169-8,37.48858884,126.9720666
어린이집,아롱다롱어린이집,서울특별시 동작구 사당1동 1020-40,37.48080945,126.9806795
어린이집,성대어린이집,서울특별시 동작구 상도동 271,37.49682045,126.935311
어린이집,무지개어린이집,서울특별시 동작구 상도3동 256-175,37.4977312,126.9332022
어린이집,우리어린이집,서울특별시 동작구 사당5동 235-61,37.48301937,126.9672688
어린이집,노벨어린이집,서울특별시 동작구 상도4동 211-1,37.49739084,126.9442578
어린이집,상도어린이집,서울특별시 동작구 상도1동 159-403,37.5024623,126.9464077
어린이집,은하어린이집,서울특별시 동작구 대방동 407-40,37.49930557,126.9263253
어린이집,영재어린이집,서울특별시 동작구 대방동 44-3,37.50885234,126.9318509
어린이집,꿈나무어린이집,서울특별시 동작구 대방동 386-2,37.50461575,126.9229536
어린이집,큰별어린이집,서울특별시 동작구 흑석동 336-1,37.50463572,126.965112
어린이집,신석어린이집,서울특별시 마포구 현석동 114-1번지,37.5426573,126.9364116
어린이집,연화어린이집,서울특별시 마포구 도화동 347-134번지,37.538243,126.950425
어린이집,아이빛어린이집,서울특별시 마포구 창전동 444번지,37.5490284,126.92949
어린이집,진선미어린이집,서울특별시 마포구 마포동 230번지,37.53799783,126.9454858
어린이집,샘물어린이집,서울특별시 마포구 망원동 450-2번지,37.55807691,126.8983079
어린이집,노고산어린이집,서울특별시 마포구 노고산동 33-20번지,37.5545628,126.9384358
어린이집,서강어린이집,서울특별시 마포구 창전동 3-199번지,37.5519809,126.928204
어린이집,동교어린이집,서울특별시 마포구 동교동 181-3번지,37.5562356,126.9300934
어린이집,성산어린이집,서울특별시 마포구 성산동 145-12번지,37.5684944,126.9086641
어린이집,창전어린이집,서울특별시 마포구 창전동 141-2번지,37.5485756,126.932464
어린이집,독립문어린이집,서울특별시 서대문구 영천동 100,37.570385,126.959666
어린이집,세브란스어린이집,서울특별시 서대문구 대신동 84-4,37.564327,126.944251
어린이집,환희어린이집,서울특별시 서대문구 남가좌2동 342-13,37.578348,126.923966
어린이집,새솔어린이집,서울특별시 서대문구 홍제동 107-12,37.58582,126.94872
어린이집,LG전자강남센터어린이집,서울특별시 서초구 서초2동 1365-8,37.484622,127.0310582
어린이집,서초성모어린이집,서울특별시 서초구 반포4동 54-9,37.5010268,127.0095516
어린이집,서초어린이집,서울특별시 서초구 방배3동 1027-6,37.4746298,127.0002477
어린이집,서초장미어린이집,서울특별시 서초구 서초2동 1353-3,37.4841569,127.0284114
어린이집,서초중앙어린이집,서울특별시 서초구 방배3동 530-55,37.4767682,126.9890543
어린이집,서초구청직장어린이집,서울특별시 서초구 서초2동 1360-26,37.48642194,127.0314197
어린이집,아람마주이야기어린이집,서울특별시 서초구 방배4동 822-29,37.4907387,126.9865099
어린이집,서초남서울어린이집,서울특별시 서초구 잠원동 76-9,37.5068308,127.0008832
어린이집,서초연꽃어린이집,서울특별시 서초구 서초1동 1642-15,37.4917669,127.0180788
어린이집,반포어린이집,서울특별시 서초구 반포4동 107-87,37.4969869,126.9967752
어린이집,반포서래어린이집,서울특별시 서초구 반포4동 74-7,37.4974379,127.0003038
어린이집,샤이닝키즈어린이집,서울특별시 서초구 서초동 1326-17,37.4947315,127.0267841
어린이집,하나푸르니어린이집,서울특별시 서초구 반포4동 53-6,37.5012633,127.0108398
어린이집,반포1동어린이집,서울특별시 서초구 반포1동 703-1,37.5099591,127.0184672
어린이집,사랑의어린이집,서울특별시 서초구 잠원동 60-5,37.5098757,127.0109679
어린이집,남태령어린이집,서울특별시 서초구 방배동 2877,37.4657896,126.9887801
어린이집,푸르니서초어린이집,서울특별시 서초구 서초1동 1607-5,37.4873913,127.0237173
어린이집,신금호자이어린이집,서울특별시 성동구 금호동2가 1,37.5562227,127.0181532
어린이집,구립금일어린이집,서울특별시 성동구 금호동1가 621-10,37.55373563,127.024876
어린이집,행응어린이집,서울특별시 성동구 행당동 341-42,37.553126,127.0313028
어린이집,구립홍익어린이집,서울특별시 성동구 상왕십리동 130-20,37.56787393,127.025528
어린이집,마장어린이집,서울특별시 성동구 마장동 780,37.566426,127.0455793
어린이집,신영창의어린이집,서울특별시 성동구 하왕십리동 976-13,37.560837,127.0320321
어린이집,꿈터어린이집,서울특별시 성동구 용답동 19-9,37.5623123,127.055149
어린이집,구립용답어린이집,서울특별시 성동구 용답동 223-5,37.56118504,127.0564009
어린이집,구립성모어린이집,서울특별시 성동구 마장동 527-2,37.57022175,127.0334425
어린이집,연꽃어린이집,서울특별시 성동구 옥수동 204-8,37.5404159,127.012722
어린이집,안암어린이집,서울특별시 성북구 안암동2가 140-3,37.5856466,127.0214146
어린이집,웅지어린이집,서울특별시 성북구 길음동 877-255,37.6022014,127.0212171
어린이집,길음성가어린이집,서울특별시 성북구 길음동 1286,37.60269641,127.0209503
어린이집,장위3동어린이집,서울특별시 성북구 장위동 77-64,37.61675603,127.0534217
어린이집,꿈나래어린이집,서울특별시 성북구 정릉동 285-4 (정호빌딩),37.6105577,127.0093532
어린이집,솔샘어린이집,서울특별시 성북구 정릉동 266-11,37.6137458,127.0111087
어린이집,뉴제나어린이집,서울특별시 성북구 삼선동5가 80,37.5882311,127.0141472
어린이집,다솔어린이집,서울특별시 성북구 길음동 905 (길음복지관),37.6088152,127.0247485
어린이집,은행나무어린이집,서울특별시 성북구 길음동 1176,37.6091192,127.0218298
어린이집,연꽃어린이집,서울특별시 성북구 정릉동 266-441 (삼보정사),37.6124264,127.0134264
어린이집,성북생명숲어린이집,서울특별시 성북구 정릉동 239-2,37.61603256,127.0091835
어린이집,한빛어린이집,서울특별시 성북구 성북동1가 117-1,37.5910096,127.0032284
어린이집,성북어린이집,서울특별시 성북구 동소문동1가 1,37.5896356,127.0059087
어린이집,이화어린이집,서울특별시 성북구 정릉동 254-312,37.6101406,127.0049721
어린이집,북악어린이집,서울특별시 성북구 정릉동 357 (북악어린이집),37.60980502,127.0078342
어린이집,돈암감리교회어린이집,서울특별시 성북구 동선동5가 70-35 (돈암감리교회),37.59572686,127.017875
어린이집,느티나무어린이집,서울특별시 성북구 돈암동 580-3 (북악새마을금고),37.59732054,127.0121158
어린이집,고려대학교어린이집,서울특별시 성북구 안암동5가 산1-92,37.58870342,127.0316981
어린이집,새싹어린이집,서울특별시 성북구 하월곡동 96-113,37.60412684,127.0370454
어린이집,소리어린이집,서울특별시 성북구 하월곡동 77-214,37.61121979,127.0358485
어린이집,영광어린이집,서울특별시 성북구 하월곡동 222-7 (월곡영광교회),37.6056621,127.0383055
어린이집,목화어린이집,서울특별시 성북구 하월곡동 52-6,37.60440698,127.0400044
어린이집,초원어린이집,서울특별시 성북구 종암동 3-971,37.5969008,127.0391028
어린이집,도담어린이집,서울특별시 성북구 장위동 233-333 (어린이집),37.6131154,127.0435012
어린이집,짐랜드어린이집,서울특별시 성북구 정릉동 175-5,37.60390815,127.0158033
어린이집,노벨어린이집,서울특별시 성북구 정릉동 873,37.608359,126.9970655
어린이집,종암중앙어린이집,서울특별시 성북구 종암동 70-110,37.5987021,127.033713
어린이집,아랑어린이집,서울특별시 성북구 종암동 78-78,37.5997846,127.0290212
어린이집,종암어린이집,서울특별시 성북구 종암동 79-236,37.5997311,127.0333264
어린이집,돌곶이어린이집,서울특별시 성북구 석관동 343-61,37.6096369,127.0556178
어린이집,가람어린이집,서울특별시 성북구 돈암동 593,37.5983496,127.0074133
어린이집,송파제일어린이집,서울특별시 송파구 송파1동 106-9,37.50365412,127.1122247
어린이집,아산병원어린이집,서울특별시 송파구 풍납2동 388,37.52960086,127.1106815
어린이집,천사어린이집,서울특별시 송파구 마천2동 93-5,37.49931374,127.1490959
어린이집,금륜어린이집,서울특별시 송파구 마천2동 44-7,37.4994528,127.148035
어린이집,오금어린이집,서울특별시 송파구 오금동 114-31,37.502546,127.140539
어린이집,산성어린이집,서울특별시 송파구 마천2동 127-1,37.49700767,127.148677
어린이집,마천어린이집,서울특별시 송파구 마천1동 183-56,37.49580736,127.1516673
어린이집,예일어린이집,서울특별시 송파구 잠실본동 331,37.50342765,127.0857213
어린이집,예랑어린이집,서울특별시 송파구 석촌동 150-11,37.50449914,127.102431
어린이집,행복한어린이집,서울특별시 송파구 송파1동 113-2,37.5059306,127.109705
어린이집,주주어린이집,서울특별시 송파구 잠실본동 236-17,37.5058262,127.0864117
어린이집,석촌호수어린이집,서울특별시 송파구 석촌동 156-5번지,37.50610015,127.1014705
어린이집,뉴한가람어린이집,서울특별시 송파구 마천2동 38,37.4996279,127.1463491
어린이집,천마어린이집,서울특별시 송파구 마천1동 211-86,37.492714,127.156427
어린이집,가락본동어린이집,서울특별시 송파구 가락본동 16,37.50100354,127.1246281
어린이집,거여어린이집,서울특별시 송파구 거여1동 20-7,37.4945327,127.142155
어린이집,가원어린이집,서울특별시 송파구 거여1동 178-123,37.4955385,127.1436758
어린이집,잠실어린이집,서울특별시 송파구 잠실4동 17,37.52171705,127.1048011
어린이집,열매어린이집,서울특별시 송파구 풍납2동 401-1,37.52741692,127.1180409
어린이집,버들어린이집,서울특별시 송파구 장지동 291-1,37.48130008,127.131429
어린이집,풍납어린이집,서울특별시 송파구 풍납2동 403-4,37.5288075,127.116554
어린이집,사랑어린이집,서울특별시 송파구 풍납2동 503-1,37.53150614,127.1193467
어린이집,풍성어린이집,서울특별시 송파구 풍납1동 485-14,37.535373,127.1204235
어린이집,파란들어린이집,서울특별시 양천구 신월3동 48-12,37.535612,126.825367
어린이집,서울SOS어린이집,서울특별시 양천구 신월3동 149-6,37.53167807,126.8248724
어린이집,세진어린이집,서울특별시 양천구 신월1동 226-7,37.5297015,126.835746
어린이집,곰달래어린이집,서울특별시 양천구 신월1동 217-1,37.5277047,126.834015
어린이집,푸르미어린이집,서울특별시 양천구 신월4동 419-7,37.523505,126.837462
어린이집,파랑새어린이집,서울특별시 양천구 신월7동 965-1,37.52213246,126.835878
어린이집,지원어린이집,서울특별시 양천구 신월4동 521-4,37.52073626,126.840067
어린이집,청운어린이집,서울특별시 양천구 신월동 564-7,37.51386298,126.842403
어린이집,신나는어린이집,서울특별시 양천구 신정7동 330-13,37.510903,126.8685616
어린이집,꿈나래어린이집,서울특별시 양천구 목1동 405-463,37.5231041,126.872139
어린이집,해바라기어린이집,서울특별시 양천구 신정1동 310-11,37.51716063,126.856553
어린이집,양천삼성어린이집,서울특별시 양천구 신정6동 329-4,37.515519,126.871488
어린이집,은혜어린이집,서울특별시 양천구 신정4동 998-2,37.52404377,126.862155
어린이집,목동어린이집,서울특별시 양천구 목5동 903-3,37.5329094,126.8716045
어린이집,청솔어린이집,서울특별시 양천구 목3동 713-23,37.5407511,126.864345
어린이집,다솜어린이집,서울특별시 양천구 목2동 131-3,37.5453431,126.8818404
어린이집,은행정어린이집,서울특별시 양천구 신정4동 957-16,37.522863,126.858452
어린이집,구립목2동어린이집,서울특별시 양천구 목동 531-17,37.54490299,126.8711047
어린이집,엄마사랑어린이집,서울특별시 양천구 목2동 231-50,37.5416376,126.8698028
어린이집,무궁화어린이집,서울특별시 양천구 목4동 771-5,37.5347303,126.867409
어린이집,양문어린이집,서울특별시 양천구 신월7동 982-21,37.5162142,126.835967
어린이집,이화어린이집,서울특별시 양천구 신월2동 608-2,37.52182291,126.846909
어린이집,강성어린이집,서울특별시 양천구 신정3동 1271,37.512825,126.855145
어린이집,넓은들어린이집,서울특별시 양천구 신정3동 1316,37.5133702,126.8293582
어린이집,으뜸어린이집,서울특별시 양천구 신정4동 911-6,37.526814,126.858316
어린이집,예뜰어린이집,서울특별시 양천구 신정4동 913-5,37.526346,126.857032
어린이집,어깨동무어린이집,서울특별시 양천구 신정4동 884-19,37.527432,126.859116
어린이집,아트꿈나무어린이집,서울특별시 양천구 신월4동 519-17,37.5210202,126.841275
어린이집,해나라어린이집,서울특별시 양천구 신월4동 425-2,37.524653,126.8400781
어린이집,둥지어린이집,서울특별시 양천구 신월5동 9-2,37.54273699,126.828533
어린이집,성결어린이집,서울특별시 양천구 신월1동 234-1,37.528832,126.837666
어린이집,강서중앙어린이집,서울특별시 양천구 신월5동 22-15,37.54057367,126.8329803
어린이집,신정3어린이집,서울특별시 양천구 신정3동 1208-8,37.51881411,126.850144
어린이집,우리또래어린이집,서울특별시 양천구 신월7동 932-7,37.5219072,126.832355
어린이집,그림나라어린이집,서울특별시 양천구 신월7동 947-11,37.52042929,126.831839
어린이집,해태어린이집,서울특별시 영등포구 대림3동 777,37.497999,126.894845
어린이집,무지개영재어린이집,서울특별시 영등포구 당산동3가 474-2,37.525209,126.893596
어린이집,꿈나무어린이집,서울특별시 영등포구 신길동 3741-18,37.498986,126.913041
어린이집,남서울어린이집,서울특별시 영등포구 당산동 121-98,37.528438,126.908484
어린이집,선재어린이집,서울특별시 영등포구 당산동3가 560,37.528402,126.8944208
어린이집,신이화어린이집,서울특별시 영등포구 문래동5가 19-8,37.51605678,126.8853162
어린이집,양평1동어린이집,서울특별시 영등포구 양평동1가 211-1,37.52362454,126.888358
어린이집,양평3가어린이집,서울특별시 영등포구 양평동3가 36,37.526829,126.88736
어린이집,영신어린이집,서울특별시 영등포구 신길4동 239-6,37.503962,126.910783
어린이집,구립신길5동어린이집,서울특별시 영등포구 신길동 440-53,37.497564,126.906102
어린이집,하나푸르니신길어린이집,서울특별시 영등포구 신길동 232-20,37.50708,126.911729
어린이집,하정어린이집,서울특별시 영등포구 신길7동 869,37.505832,126.922179
어린이집,은석어린이집,서울특별시 영등포구 신길6동 4260,37.498165,126.918688
어린이집,KDB어린이집,서울특별시 영등포구 여의도동 16-3,37.52708,126.920824
어린이집,국회어린이집,서울특별시 영등포구 여의도동 1,37.531081,126.91655
어린이집,구립맑은숲 어린이집,서울특별시 용산구 한남동 726-542,37.54503816,127.0032951
어린이집,홍익어린이집,서울특별시 은평구 가좌로11길 5-3,37.59629761,126.9076396
어린이집,우정어린이집,서울특별시 은평구 갈현로 41길 26-2,37.6256243,126.9149572
어린이집,다우림어린이집,서울특별시 은평구 갈현로19길 16,37.615538,126.9111987
어린이집,수성어린이집,서울특별시 은평구 갈현로33가길 24-1,37.623555,126.913447
어린이집,하늘어린이집,서울특별시 은평구 갈현로3길 48,37.6006912,126.904802
어린이집,하나연어린이집,서울특별시 은평구 녹번로 29-2,37.604894,126.928055
어린이집,구립응암어린이집,서울특별시 은평구 백련산로 36,37.588838,126.922725
어린이집,꿈나무마을어린이집,서울특별시 은평구 백련산로14길 20-11,37.5981837,126.9281816
어린이집,이삭어린이집,서울특별시 은평구 연서로37길 19,37.62318182,126.9262941
어린이집,은평감리교회 어린이집,서울특별시 은평구 응암로 376,37.6044835,126.9232067
어린이집,유진어린이집,서울특별시 은평구 응암로12길 26-10,37.586837,126.9189653
어린이집,성아어린이집,서울특별시 은평구 응암로16길 20-9,37.590942,126.919501
어린이집,아이젤어린이집,서울특별시 은평구 응암로22길 9-9,37.5941931,126.9192887
어린이집,진관어린이집,서울특별시 은평구 진관1로 40,37.6304386,126.9236287
어린이집,성모자애어린이집,서울특별시 은평구 통일로78길 10,37.617722,126.923779
어린이집,동숭어린이집,서울특별시 종로구 동숭동 50-135,37.579194,127.0070179
어린이집,은행나무어린이집,서울특별시 종로구 창신2동 23-330,37.5789295,127.010937
어린이집,창이어린이집,서울특별시 종로구 창신2동 622-2,37.5785149,127.0085733
어린이집,명륜어린이집,서울특별시 종로구 명륜1가 1-43,37.5913091,126.994933
어린이집,부암어린이집,서울특별시 종로구 신영동 105-10,37.6015004,126.963076
어린이집,상록수 어린이집,서울특별시 종로구 행촌동 1-140,37.5727172,126.9644381
어린이집,누상어린이집,서울특별시 종로구 누상동 54,37.580716,126.967169
어린이집,무궁화어린이집,서울특별시 종로구 궁정동 4-11,37.5847697,126.9710634
어린이집,청운어린이집,서울특별시 종로구 청운동 6-3,37.5883981,126.9660043
어린이집,엔젤키즈어린이집,서울특별시 종로구 부암동 384-7,37.5985179,126.960504
어린이집,한빛어린이집,서울특별시 종로구 숭인2동 178-167,37.574807,127.019976
어린이집,아동회관어린이집,서울특별시 종로구 창신동 산6-25,37.5788167,127.014631
어린이집,생명숲어린이집,서울특별시 종로구 평창동 186-18,37.606437,126.968167
어린이집,서울청사한빛어린이집,서울특별시 종로구 창성동 117-6,37.5797195,126.973221
어린이집,황학어린이집,서울특별시 중구 황학동 1457,37.568784,127.022284
어린이집,한솔어린이집,서울특별시 중구 신당동 372-468,37.551449,127.011218
어린이집,단우물어린이집,서울특별시 중구 황학동 754,37.567262,127.0183142
어린이집,청구어린이집,서울특별시 중구 신당동 333-177,37.557162,127.016743
어린이집,동화나라어린이집,서울특별시 중구 신당동 52-154,37.561608,127.019338
어린이집,약수어린이집,서울특별시 중구 신당동 366-19,37.552446,127.009394
어린이집,약수교회어린이집,서울특별시 중구 약수동 372-87,37.552539,127.010899
어린이집,성심어린이집,서울특별시 중구 신당동 432-24,37.554302,127.008224
어린이집,남산숲어린이집,서울특별시 중구 신당동 366-480,37.546567,127.008951
어린이집,중림어린이집,서울특별시 중구 만리동1가 62-12,37.555723,126.967583
어린이집,서울직장어린이집,서울특별시 중구 서소문동 37,37.56393448,126.973035
어린이집,신당어린이집,서울특별시 중구 신당동 304-727,37.562236,127.014143
어린이집,필동어린이집,서울특별시 중구 필동2가 116-1,37.557611,126.995473
어린이집,회현어린이집,서울특별시 중구 회현동1가 100,37.5558283,126.981074
어린이집,신당5동어린이집,서울특별시 중구 신당동 67-12,37.563011,127.020756
어린이집,세화어린이집,서울특별시 중랑구 중화2동 328-62,37.59993259,127.073783
어린이집,한내들어린이집,서울특별시 중랑구 중화2동 332-48,37.604148,127.0750058
어린이집,이화어린이집,서울특별시 중랑구 면목4동 715-1,37.573952,127.080811
어린이집,삼성어린이집,서울특별시 중랑구 상봉2동 107-1,37.5941501,127.0869214
어린이집,나래어린이집,서울특별시 중랑구 면목2동 133-3,37.59172695,127.0837119
어린이집,상봉어린이집,서울특별시 중랑구 상봉1동 287-1,37.60202594,127.0901512
어린이집,푸른신창,서울특별시 도봉구 창동 448-8,37.6399528,127.0415218
어린이집,리라,서울특별시 도봉구 방학동 663-13,37.663909,127.0337501
